Ptt,date.GMT,Latitude,Longitude
169144,2018-05-31,59.375,-139.65
169144,2018-06-01,59.375,-139.7833333
169144,2018-06-02,59.35833333,-139.9416667
169144,2018-06-03,59.35,-140.15
169144,2018-06-04,59.3375,-140.55
169144,2018-06-05,59.35,-141.2666667
169144,2018-06-06,59.375,-141.5916667
169144,2018-06-07,59.4,-141.9583333
169144,2018-06-08,59.4,-142.4583333
169144,2018-06-09,59.4,-142.6916667
169144,2018-06-10,59.425,-142.7833333
169144,2018-06-11,59.46666667,-142.55
169144,2018-06-12,59.43333333,-142.5333333
169144,2018-06-13,59.4,-142.7166667
169144,2018-06-14,59.38333333,-142.9333333
169144,2018-06-15,59.375,-143.6583333
169144,2018-06-16,59.375,-144.075
169144,2018-06-17,59.375,-144.15
169144,2018-06-18,59.4,-144.45
169144,2018-06-19,59.4875,-144.525
169144,2018-06-20,59.60833333,-144.7666667
169144,2018-06-21,59.65833333,-144.8833333
169144,2018-06-22,59.69166667,-145.35
169144,2018-06-23,59.8,-145.6875
169144,2018-06-24,59.9125,-145.95
169144,2018-06-25,60.06666667,-146.1916667
169144,2018-06-26,60.075,-146.3166667
169144,2018-06-27,60.075,-146.4666667
169144,2018-06-28,59.8875,-146.4375
169144,2018-06-29,59.725,-146.575
169144,2018-06-30,59.6,-146.825
169144,2018-07-01,59.51666667,-147.15
169144,2018-07-02,59.5,-147.3666667
169144,2018-07-03,59.45833333,-147.525
169144,2018-07-04,59.4125,-147.85
169144,2018-07-05,59.4,-148.225
169144,2018-07-06,59.35833333,-148.5583333
169144,2018-07-07,59.36666667,-148.9333333
169144,2018-07-08,59.375,-149.275
169144,2018-07-09,59.38333333,-149.675
169144,2018-07-10,59.35,-150.1166667
169144,2018-07-11,59.35,-150.4416667
169144,2018-07-12,59.35,-150.55
169144,2018-07-13,58.94166667,-151.1916667
169144,2018-07-14,58.7,-151.775
169144,2018-07-15,58.26666667,-152.2666667
169144,2018-07-16,58.43333333,-151.6583333
169144,2018-07-17,58.90833333,-150.2416667
169144,2018-07-18,59.10833333,-149.9666667
169144,2018-07-19,59.08333333,-150.3166667
169144,2018-07-20,58.9125,-150.625
169144,2018-07-21,58.825,-151.0583333
169144,2018-07-22,58.68333333,-151.425
169144,2018-07-23,58.6,-151.95
169144,2018-07-24,56.64166667,-153.075
169144,2018-07-25,55.58333333,-154
169144,2018-07-26,55.575,-154.725
169144,2018-07-27,55.53333333,-155.275
169144,2018-07-28,55.475,-155.6875
169144,2018-07-29,55.40833333,-156.1833333
169144,2018-07-30,55.39166667,-156.85
169144,2018-07-31,55.325,-157.225
169144,2018-08-01,55.23333333,-157.6
169144,2018-08-02,55.125,-158.1875
169144,2018-08-03,54.975,-158.775
169144,2018-08-04,54.85833333,-159.3833333
169144,2018-08-05,54.725,-159.8166667
169144,2018-08-06,54.63333333,-160.2666667
169144,2018-08-07,54.6,-160.8416667
169144,2018-08-08,54.53333333,-161.5666667
169144,2018-08-09,54.45,-162.25
169144,2018-08-10,54.35833333,-163.1083333
169144,2018-08-11,54.28333333,-164.0083333
169144,2018-08-12,54.2375,-165.175
169144,2018-08-13,54.15833333,-166.5916667
169144,2018-08-14,54.15,-167.6166667
169144,2018-08-15,54.03333333,-168.75
169144,2018-08-16,53.85,-169.825
169144,2018-08-17,53.625,-170.8375
169144,2018-08-18,53.3875,-171.875
169144,2018-08-19,53.125,-172.9
169144,2018-08-20,52.8,-173.85
169144,2018-08-21,52.39166667,-174.8083333
169144,2018-08-22,52.175,-175.75
169144,2018-08-23,51.8,-176.6833333
169144,2018-08-24,51.625,-177.2083333
169144,2018-08-25,51.35833333,-177.6916667
169144,2018-08-26,51.125,-178.35
169146,2018-05-30,59.375,-139.8
169146,2018-05-31,59.375,-139.96875
169146,2018-06-01,59.35,-140.0875
169146,2018-06-02,59.325,-140.1
169146,2018-06-03,59.28333333,-140.05
169146,2018-06-04,59.25833333,-140.1166667
169146,2018-06-05,59.225,-140.25
169146,2018-06-06,59.19166667,-140.2416667
169146,2018-06-07,59.15,-140.1166667
169146,2018-06-08,59.1,-139.85
169146,2018-06-09,59.1,-139.775
169146,2018-06-10,59.075,-139.8166667
169146,2018-06-11,59.05,-139.8166667
169146,2018-06-12,59.03333333,-139.8916667
169146,2018-06-13,59.05,-140.1416667
169146,2018-06-14,59.075,-140.4333333
169146,2018-06-15,59.075,-140.625
169146,2018-06-16,59.05,-140.8
169146,2018-06-17,59.025,-140.9833333
169146,2018-06-18,58.93333333,-141.1083333
169146,2018-06-19,58.88333333,-141.2416667
169146,2018-06-20,58.83333333,-141.225
169146,2018-06-21,58.775,-141.4
169146,2018-06-22,58.7,-141.5333333
169146,2018-06-23,58.65833333,-141.65
169146,2018-06-24,58.625,-141.8
169146,2018-06-25,58.6,-141.9416667
169146,2018-06-26,58.55833333,-142.0083333
169146,2018-06-27,58.50833333,-142.1833333
169146,2018-06-28,58.46666667,-142.4333333
169146,2018-06-29,58.475,-142.7833333
169146,2018-06-30,58.475,-143.0083333
169146,2018-07-01,58.45,-143.2583333
169146,2018-07-02,58.45,-143.5833333
169146,2018-07-03,58.38333333,-143.95
169146,2018-07-04,58.325,-144.4583333
169146,2018-07-05,58.2,-144.8833333
169146,2018-07-06,58.15,-145.3916667
169146,2018-07-07,58.1,-146
169146,2018-07-08,58.05833333,-146.5
169146,2018-07-09,58.025,-147.0583333
169146,2018-07-10,58.025,-147.6083333
169146,2018-07-11,58,-148.2166667
169146,2018-07-12,58.00833333,-148.9083333
169146,2018-07-13,57.95833333,-149.55
169146,2018-07-14,57.90833333,-150.15
169146,2018-07-15,57.8625,-150.5125
169146,2018-07-16,57.76666667,-150.8833333
169146,2018-07-17,57.66666667,-151.125
169146,2018-07-18,57.60833333,-151.25
169146,2018-07-19,57.5,-151.1875
169154,2018-05-29,59.375,-139.7375
169154,2018-05-30,59.375,-140
169154,2018-05-31,59.375,-140.2375
169154,2018-06-01,59.35,-140.4875
169154,2018-06-02,59.35,-140.7375
169154,2018-06-03,59.35,-141
169154,2018-06-04,59.35,-141.2916667
169154,2018-06-05,59.35,-141.6416667
169154,2018-06-06,59.375,-141.6416667
169154,2018-06-07,59.39166667,-141.7833333
169154,2018-06-08,59.33333333,-142.5583333
169154,2018-06-09,59.28333333,-142.9583333
169154,2018-06-10,59.225,-143.1625
169154,2018-06-11,59.1625,-143.4125
169154,2018-06-12,59.125,-143.6583333
169154,2018-06-13,59.1,-143.7833333
169154,2018-06-14,59.075,-143.8666667
169154,2018-06-15,59.03333333,-144.1916667
169154,2018-06-16,58.95833333,-144.575
169154,2018-06-17,58.925,-144.7666667
169154,2018-06-18,58.925,-144.875
169154,2018-06-19,58.88333333,-145.3416667
169154,2018-06-20,58.875,-145.7583333
169154,2018-06-21,58.89166667,-146.3083333
169154,2018-06-22,58.9,-146.6416667
175618,2018-05-30,59.375,-139.725
175618,2018-05-31,59.25625,-140.0125
175618,2018-06-01,59.275,-140.15
175618,2018-06-02,59.3,-140.2125
175618,2018-06-03,59.325,-140.0916667
175618,2018-06-04,59.38333333,-140.7333333
175618,2018-06-05,59.44166667,-141
175618,2018-06-06,59.475,-140.9583333
175618,2018-06-07,59.59166667,-141.0666667
175618,2018-06-08,59.61666667,-141.1583333
175618,2018-06-09,59.64166667,-141.3
175618,2018-06-10,59.65,-141.3833333
175618,2018-06-11,59.65,-141.4666667
175618,2018-06-12,59.65833333,-141.5916667
175618,2018-06-13,59.65,-141.7416667
175618,2018-06-14,59.63333333,-141.925
175618,2018-06-15,59.6,-142.1666667
175618,2018-06-16,59.45,-142.5583333
175618,2018-06-17,59.24166667,-143.1333333
175618,2018-06-18,59.13333333,-143.5666667
175618,2018-06-19,59.075,-143.7916667
175618,2018-06-20,59.03333333,-144.1583333
175618,2018-06-21,58.98333333,-144.6666667
175618,2018-06-22,58.90833333,-144.7833333
175618,2018-06-23,58.88333333,-145.2916667
175618,2018-06-24,58.85,-145.7
175618,2018-06-25,58.825,-146.0833333
175618,2018-06-26,58.8,-146.4916667
175618,2018-06-27,58.73333333,-146.9
176929,2019-06-02,59.375,-139.65
176929,2019-06-03,59.3625,-139.7875
176929,2019-06-04,59.35,-139.92
176929,2019-06-05,59.3,-140.0125
176929,2019-06-06,59.20833333,-140.0333333
176929,2019-06-07,59.175,-140.09375
176929,2019-06-08,59.15,-140.22
176929,2019-06-09,59.125,-140.3125
176929,2019-06-10,59.12,-140.51
176929,2019-06-11,59.0625,-140.5
176929,2019-06-12,58.95,-140.435
176929,2019-06-13,58.9125,-140.5125
176929,2019-06-14,58.875,-140.525
176929,2019-06-15,58.775,-140.6375
176929,2019-06-16,58.655,-140.815
176929,2019-06-17,58.6375,-140.7625
176929,2019-06-18,58.6,-140.785
176929,2019-06-19,58.55,-140.875
176929,2019-06-20,58.43,-141.075
176929,2019-06-21,58.375,-141.275
176929,2019-06-22,58.3,-141.505
176929,2019-06-23,58.2,-142
176929,2019-06-24,58.15,-142.2625
176929,2019-06-25,58.125,-142.475
176929,2019-06-26,58.1,-142.83
176929,2019-06-27,58.075,-142.8
176929,2019-06-28,58.025,-142.715
176929,2019-06-29,57.975,-143.075
176929,2019-06-30,57.915,-143.395
176929,2019-07-01,57.875,-143.5625
176929,2019-07-02,57.825,-143.725
176929,2019-07-03,57.7375,-143.7375
176929,2019-07-04,57.65,-143.815
176929,2019-07-05,57.6125,-143.9625
176929,2019-07-06,57.53,-144.2
176929,2019-07-07,57.4,-144.4375
176929,2019-07-08,57.265,-144.69
176929,2019-07-09,57.2,-145.02
176929,2019-07-10,57.1,-145.3125
176929,2019-07-11,56.98,-145.61
176929,2019-07-12,56.9,-145.8625
176929,2019-07-13,56.825,-146.13
176929,2019-07-14,56.6875,-146.225
176929,2019-07-15,56.625,-146.345
176929,2019-07-16,56.625,-146.4
176930,2019-06-03,59.375,-139.675
176930,2019-06-04,59.395,-139.865
176930,2019-06-05,59.4,-140.23
176930,2019-06-06,59.3875,-140.4375
176930,2019-06-07,59.375,-140.71875
176930,2019-06-08,59.3375,-140.8875
176930,2019-06-09,59.315,-141.185
176930,2019-06-10,59.1875,-141.2375
176930,2019-06-11,59.13,-141.39
176930,2019-06-12,59.125,-141.75
176930,2019-06-13,59.1,-142.1416667
176930,2019-06-14,59.1,-142.5375
176930,2019-06-15,59.015,-142.77
176930,2019-06-16,58.9,-142.975
176930,2019-06-17,58.825,-143.345
176930,2019-06-18,58.7625,-143.3375
176930,2019-06-19,58.69,-143.415
176930,2019-06-20,58.6375,-143.4875
176930,2019-06-21,58.6,-143.515
176930,2019-06-22,58.45,-143.775
176930,2019-06-23,58.325,-143.84
176930,2019-06-24,58.2625,-144.1375
176930,2019-06-25,58.175,-144.24
176930,2019-06-26,58.3125,-144.425
176930,2019-06-27,58.375,-144.555
176930,2019-06-28,58.4125,-144.7375
176930,2019-06-29,58.45,-144.87
176930,2019-06-30,58.4125,-145.3
176930,2019-07-01,58.375,-145.725
176930,2019-07-02,58.325,-146.125
176930,2019-07-03,58.18,-146.42
176930,2019-07-04,58.1375,-146.75
176930,2019-07-05,58.1,-147.065
176930,2019-07-06,57.925,-147.325
176930,2019-07-07,57.815,-147.69
176930,2019-07-08,57.575,-148.1
176930,2019-07-09,57.365,-148.53
176930,2019-07-10,57.15,-149.0625
176930,2019-07-11,56.905,-149.605
176930,2019-07-12,56.6,-150.125
176930,2019-07-13,56.205,-150.81
176930,2019-07-14,56.075,-151.2875
176930,2019-07-15,55.905,-151.88
176930,2019-07-16,55.7375,-152.35
176930,2019-07-17,55.425,-152.735
176930,2019-07-18,55.35,-153.3125
176930,2019-07-19,55.335,-154.095
176930,2019-07-20,55.1375,-154.425
176930,2019-07-21,55.005,-154.835
176930,2019-07-22,54.925,-155.2625
176930,2019-07-23,54.84,-155.72
176930,2019-07-24,54.6875,-156.125
176930,2019-07-25,54.555,-156.545
176930,2019-07-26,54.45,-156.8625
176930,2019-07-27,54.355,-157.29
176930,2019-07-28,54.25,-157.675
176930,2019-07-29,54.135,-158.215
176930,2019-07-30,54.125,-158.5166667
176932,2019-06-02,59.375,-139.7
176932,2019-06-03,59.35,-139.935
176932,2019-06-04,59.3375,-140.075
176932,2019-06-05,59.275,-140.165
176932,2019-06-06,59.1875,-140.2875
176932,2019-06-07,59.15,-140.5
176932,2019-06-08,59.15,-140.625
176932,2019-06-09,59.15,-140.775
176932,2019-06-10,59.15,-140.9625
176932,2019-06-11,59.15,-141.195
176932,2019-06-12,59.15,-141.5
176932,2019-06-13,59.15,-141.85
176932,2019-06-14,59.0875,-142.175
176932,2019-06-15,59.005,-142.51
176932,2019-06-16,58.925,-142.725
176932,2019-06-17,58.875,-142.99375
176933,2019-05-29,59.375,-139.675
176933,2019-05-30,59.375,-140.005
176933,2019-05-31,59.335,-140.47
176933,2019-06-01,59.3125,-140.725
176933,2019-06-02,59.275,-141.065
176933,2019-06-03,59.3125,-141.35
176933,2019-06-04,59.35,-141.635
176933,2019-06-05,59.35,-142.0375
176933,2019-06-06,59.3375,-142.475
176933,2019-06-07,59.325,-142.6625
176933,2019-06-08,59.325,-142.965
176933,2019-06-09,59.3625,-143.4625
176933,2019-06-10,59.375,-144.055
176933,2019-06-11,59.375,-144.6875
176933,2019-06-12,59.35,-145.345
176933,2019-06-13,59.175,-145.875
176933,2019-06-14,59.055,-146.51
179508,2019-06-02,59.375,-139.7625
179508,2019-06-03,59.3375,-140.1
179508,2019-06-04,59.2625,-140.425
179508,2019-06-05,59.175,-140.725
179508,2019-06-06,59.1125,-141
179508,2019-06-07,59.05,-141.3
179508,2019-06-08,58.9625,-141.575
179508,2019-06-09,58.8875,-141.8625
179508,2019-06-10,58.8375,-142.15
179508,2019-06-11,58.7625,-142.4375
179508,2019-06-12,58.7,-142.72
179508,2019-06-13,58.6,-142.9875
179508,2019-06-14,58.5,-143.215
179508,2019-06-15,58.425,-143.625
179508,2019-06-16,58.375,-144.08
179508,2019-06-17,58.25,-144.4
179508,2019-06-18,58.125,-144.785
179508,2019-06-19,58.1,-145.1
179508,2019-06-20,58.05,-145.395
179508,2019-06-21,57.975,-145.8375
179508,2019-06-22,57.9,-146.35
179508,2019-06-23,57.825,-146.745
179508,2019-06-24,57.6875,-147.075
179508,2019-06-25,57.5625,-147.4875
179508,2019-06-26,57.4,-147.85
179508,2019-06-27,57.28125,-148.19375
179508,2019-06-28,57.1375,-148.7375
179508,2019-06-29,56.98,-149.32
179508,2019-06-30,56.8875,-149.725
179508,2019-07-01,56.725,-150.13125
179508,2019-07-02,56.65,-150.7375
179508,2019-07-03,56.6,-151.38
179508,2019-07-04,56.4875,-151.8875
179508,2019-07-05,56.3125,-152.4625
179508,2019-07-06,56.1375,-153.0375
179508,2019-07-07,55.95,-153.6
179508,2019-07-08,55.775,-154.1625
179508,2019-07-09,55.5875,-154.7125
179508,2019-07-10,55.3875,-155.275
179508,2019-07-11,55.27,-155.77
179508,2019-07-12,55.175,-156.3375
179508,2019-07-13,55.1125,-156.9
179508,2019-07-14,55.05,-157.425
179508,2019-07-15,54.975,-157.9625
179508,2019-07-16,54.8875,-158.5
179508,2019-07-17,54.8375,-159.025
179508,2019-07-18,54.7625,-159.575
179508,2019-07-19,54.675,-160.0375
179508,2019-07-20,54.6125,-160.3
179508,2019-07-21,54.6,-160.645
179508,2019-07-22,54.5,-161.2375
179508,2019-07-23,54.325,-162.325
179508,2019-07-24,54.2125,-162.9625
179508,2019-07-25,54.1,-163.55
179508,2019-07-26,53.975,-164.1625
179508,2019-07-27,53.875,-164.82
179508,2019-07-28,53.725,-165.1625
179508,2019-07-29,53.6,-165.43
179508,2019-07-30,53.4125,-165.95
179508,2019-07-31,53.225,-166.375
179508,2019-08-01,53.0125,-166.7875
179508,2019-08-02,52.8625,-167.23125
179508,2019-08-03,52.725,-167.5375
179508,2019-08-04,52.4875,-167.8875
179508,2019-08-05,52.2625,-168.2
179508,2019-08-06,52.125,-168.39
179508,2019-08-07,52.0875,-168.8625
179508,2019-08-08,52,-169.6125
179508,2019-08-09,51.9625,-170.1875
179508,2019-08-10,51.925,-170.74
179508,2019-08-11,52,-170.875
179508,2019-08-12,52.115,-171.045
179508,2019-08-13,52.1625,-171.175
179508,2019-08-14,52.415,-171.27
179508,2019-08-15,52.3125,-171.6375
179508,2019-08-16,52.375,-172.085
179508,2019-08-17,52.2875,-172.2875
179508,2019-08-18,52.0875,-172.625
179508,2019-08-19,51.9,-172.9625
179508,2019-08-20,51.82,-173.4
179508,2019-08-21,51.7125,-173.8
179508,2019-08-22,51.6375,-174.2875
179508,2019-08-23,51.575,-174.805
179508,2019-08-24,51.5375,-175.1625
179508,2019-08-25,51.45,-175.65
179508,2019-08-26,51.4,-176.18
179508,2019-08-27,51.4,-176.575
179508,2019-08-28,51.44,-177.17
179508,2019-08-29,51.4125,-177.4125
179508,2019-08-30,51.375,-177.6875
179508,2019-08-31,51.3375,-177.975
179508,2019-09-01,51.3125,-178.25
179508,2019-09-02,51.235,-178.57
179508,2019-09-03,51.2625,-178.6375
179508,2019-09-04,51.3125,-178.6625
179508,2019-09-05,51.3625,-178.675
179508,2019-09-06,51.3875,-178.675
179508,2019-09-07,51.4125,-178.65
179508,2019-09-08,51.425,-178.625
179508,2019-09-09,51.4625,-178.6125
179508,2019-09-10,51.4875,-178.5875
179508,2019-09-11,51.5375,-178.5625
179508,2019-09-12,51.575,-178.525
179508,2019-09-13,51.5875,-178.5625
179508,2019-09-14,51.625,-178.635
179508,2019-09-15,51.625,-178.7375
179508,2019-09-16,51.665,-178.91
179508,2019-09-17,51.7125,-178.9
179508,2019-09-18,51.865,-178.76
179508,2019-09-19,51.845,-178.75
179508,2019-09-20,51.975,-178.5625
179508,2019-09-21,52.14,-178.215
179508,2019-09-22,52.15,-178.0875
179508,2019-09-23,52.15,-177.87
179508,2019-09-24,52.15,-177.75
179508,2019-09-25,52.15,-177.63
179508,2019-09-26,52.1625,-177.55
179508,2019-09-27,52.175,-177.365
179508,2019-09-28,52.175,-177.225
179508,2019-09-29,52.175,-177.095
179508,2019-09-30,52.1875,-177.175
179508,2019-10-01,52.2,-177.225
179508,2019-10-02,52.175,-177.195
179508,2019-10-03,52.2,-177.325
179508,2019-10-04,52.495,-177.77
179508,2019-10-05,52.5,-177.6875
179508,2019-10-06,52.54,-177.62
179508,2019-10-07,52.55,-177.5625
179508,2019-10-08,52.5875,-177.4
179508,2019-10-09,52.6375,-177.2375
179508,2019-10-10,52.675,-177.1
179508,2019-10-11,52.7125,-177
179508,2019-10-12,52.7625,-176.9125
179508,2019-10-13,52.7875,-176.8375
179508,2019-10-14,52.8375,-176.7875
179508,2019-10-15,52.8625,-176.7125
179508,2019-10-16,52.9,-176.6625
179508,2019-10-17,52.9375,-176.6125
179508,2019-10-18,52.9625,-176.5625
179508,2019-10-19,53,-176.5375
179508,2019-10-20,53.04,-176.525
179508,2019-10-21,53.05,-176.4625
179508,2019-10-22,53.0625,-176.3875
179508,2019-10-23,53.0875,-176.3625
179508,2019-10-24,53.1,-176.325
179508,2019-10-25,53.1,-176.2875
179508,2019-10-26,53.125,-176.225
179508,2019-10-27,53.1125,-176.125
179508,2019-10-28,53.085,-175.89
179508,2019-10-29,53.0625,-175.7375
179508,2019-10-30,53,-175.525
179508,2019-10-31,52.9375,-175.325
179508,2019-11-01,52.875,-175.1
179508,2019-11-02,52.875,-174.95
179508,2019-11-03,52.875,-174.8
179508,2019-11-04,52.8625,-174.5875
179508,2019-11-05,52.7875,-174.2375
179508,2019-11-06,52.7125,-173.925
179508,2019-11-07,52.66,-173.575
179508,2019-11-08,52.625,-173.4125
179508,2019-11-09,52.4875,-173.225
179508,2019-11-10,52.375,-173.05
179508,2019-11-11,52.2375,-172.875
179508,2019-11-12,52.1375,-172.8125
179508,2019-11-13,52.025,-172.7125
179508,2019-11-14,51.885,-172.565
179508,2019-11-15,51.8625,-172.575
179508,2019-11-16,51.825,-172.695
179508,2019-11-17,51.8,-172.7125
179508,2019-11-18,51.7,-172.82
199387,2020-06-09,59.375,-139.7125
199387,2020-06-10,59.375,-140.08
199387,2020-06-11,59.35,-140.56
199387,2020-06-12,59.1875,-140.725
199387,2020-06-13,59.09,-140.935
199387,2020-06-14,58.9375,-141.175
199387,2020-06-15,58.805,-141.525
199387,2020-06-16,58.6625,-141.7625
199387,2020-06-17,58.53333333,-142.025
199387,2020-06-18,58.3625,-142.3
199387,2020-06-19,58.215,-142.56
199387,2020-06-20,58.1,-142.85
199387,2020-06-21,57.95,-143.075
199387,2020-06-22,57.8,-143.34
199387,2020-06-23,57.6375,-143.7625
199387,2020-06-24,57.49,-144.18
199387,2020-06-25,57.375,-144.4875
199387,2020-06-26,57.315,-144.86
199387,2020-06-27,57.255,-145.1
199387,2020-06-28,57.125,-145.3875
199387,2020-06-29,57.03,-145.755
199387,2020-06-30,56.925,-146.0125
199387,2020-07-01,56.85,-146.34
199387,2020-07-02,56.8125,-146.6125
199387,2020-07-03,56.75,-146.975
199387,2020-07-04,56.6875,-147.275
199387,2020-07-05,56.64,-147.685
199387,2020-07-06,56.575,-148.05
199387,2020-07-07,56.455,-148.48
199387,2020-07-08,56.375,-148.875
199387,2020-07-09,56.305,-149.44
199387,2020-07-10,56.2,-149.7
199387,2020-07-11,56.125,-149.955
199387,2020-07-12,56.0375,-150.325
199387,2020-07-13,55.8875,-151.08125
199387,2020-07-14,55.7875,-151.25
199387,2020-07-15,55.635,-151.38
199387,2020-07-16,55.515,-151.45
199387,2020-07-17,55.4,-151.5125
199387,2020-07-18,55.3,-151.59
199387,2020-07-19,55.1625,-151.6
199387,2020-07-20,55.05,-151.64
199387,2020-07-21,54.9375,-151.8
199387,2020-07-22,54.83,-151.98
199387,2020-07-23,54.75,-152.075
199387,2020-07-24,54.635,-152.21
199387,2020-07-25,54.575,-152.3375
199387,2020-07-26,54.46,-152.5
199387,2020-07-27,54.45,-152.59
199387,2020-07-28,54.475,-152.6625
199387,2020-07-29,54.475,-152.76
199387,2020-07-30,54.475,-152.85
199387,2020-07-31,54.45,-152.985
199387,2020-08-01,54.4875,-153.025
199387,2020-08-02,54.525,-153.07
199387,2020-08-03,54.525,-153.075
199387,2020-08-04,54.525,-153.075
199389,2020-06-08,59.375,-139.6583333
199389,2020-06-09,59.375,-139.9875
199389,2020-06-10,59.35,-140.33
199389,2020-06-11,59.3375,-140.7125
199389,2020-06-12,59.2625,-141.1375
199389,2020-06-13,59.2875,-141.425
199389,2020-06-14,59.325,-141.755
199389,2020-06-15,59.2125,-141.95
199389,2020-06-16,59.15,-142.315
199389,2020-06-17,59.125,-142.5625
199389,2020-06-18,59.1,-142.835
199389,2020-06-19,59.1125,-143.1
199389,2020-06-20,59.125,-143.465
199389,2020-06-21,59.0125,-143.775
199389,2020-06-22,58.85,-144.175
199389,2020-06-23,58.725,-144.5875
199389,2020-06-24,58.605,-145.065
199389,2020-06-25,58.5625,-145.5125
199389,2020-06-26,58.475,-146.07
199389,2020-06-27,58.4625,-146.5625
199389,2020-06-28,58.425,-147.13
199389,2020-06-29,58.375,-147.525
199389,2020-06-30,58.3,-148.09
199389,2020-07-01,58.175,-148.5125
199389,2020-07-02,58.08,-149
199389,2020-07-03,57.875,-149.4
199389,2020-07-04,57.665,-149.855
199389,2020-07-05,57.5,-150.375
199389,2020-07-06,57.29,-150.975
199389,2020-07-07,57.075,-151.425
199389,2020-07-08,56.845,-151.985
199389,2020-07-09,56.6125,-152.525
199389,2020-07-10,56.365,-153.12
199389,2020-07-11,56.18,-153.77
199389,2020-07-12,56.0125,-154.2875
199389,2020-07-13,55.7,-154.955
199389,2020-07-14,55.5875,-155.3875
199389,2020-07-15,55.425,-155.9
199389,2020-07-16,55.2625,-156.4125
199389,2020-07-17,55.105,-156.99
199389,2020-07-18,54.95,-157.3375
199389,2020-07-19,54.805,-157.8
199389,2020-07-20,54.68,-158.155
199389,2020-07-21,54.625,-158.5
199389,2020-07-22,54.535,-158.965
199389,2020-07-23,54.475,-159.355
199389,2020-07-24,54.4375,-159.75
199389,2020-07-25,54.425,-160.27
199389,2020-07-26,54.3875,-160.675
199389,2020-07-27,54.375,-161.2
199389,2020-07-28,54.3375,-161.5625
199389,2020-07-29,54.325,-162.055
199389,2020-07-30,54.225,-162.575
199389,2020-07-31,54.105,-163.29
199389,2020-08-01,54.0625,-163.525
199389,2020-08-02,53.955,-163.84
199389,2020-08-03,53.875,-164.1625
199389,2020-08-04,53.635,-164.81
199389,2020-08-05,53.625,-164.95
199389,2020-08-06,53.625,-165.105
199389,2020-08-07,53.5125,-165.5375
199389,2020-08-08,53.375,-165.875
199389,2020-08-09,53.3375,-166.3625
199389,2020-08-10,53.175,-167.275
199389,2020-08-11,53.0125,-167.5125
199389,2020-08-12,52.62,-168
199389,2020-08-13,52.5125,-168.3625
199389,2020-08-14,52.38,-168.885
199389,2020-08-15,52.325,-169.225
199389,2020-08-16,52.135,-169.82
199389,2020-08-17,52.1125,-170.0875
199389,2020-08-18,52.07,-170.505
199389,2020-08-19,51.975,-170.825
199389,2020-08-20,51.86,-171.27
199389,2020-08-21,51.8,-171.525
199389,2020-08-22,51.655,-171.86
199393,2020-06-09,59.375,-139.675
199393,2020-06-10,59.375,-139.9625
199393,2020-06-11,59.35,-140.2875
199393,2020-06-12,59.18,-140.495
199393,2020-06-13,59.225,-140.65
199393,2020-06-14,59.3,-140.83125
199393,2020-06-15,59.325,-141.115
199393,2020-06-16,59.2875,-141.3625
199393,2020-06-17,59.185,-141.49
199393,2020-06-18,59.1875,-141.85
199393,2020-06-19,59.15,-142.2
199393,2020-06-20,59.1375,-142.4125
199393,2020-06-21,59.1,-142.67
199393,2020-06-22,59.0875,-142.8
199393,2020-06-23,59.06875,-142.94375
199393,2020-06-24,59.0125,-143.075
199393,2020-06-25,58.95,-143.23
199393,2020-06-26,58.95,-143.3375
199393,2020-06-27,58.975,-143.485
199393,2020-06-28,58.9875,-143.6
199393,2020-06-29,59,-143.75
199393,2020-06-30,59.025,-143.8625
199393,2020-07-01,59.025,-144.025
199393,2020-07-02,59.05,-144.1625
199393,2020-07-03,59.075,-144.275
199393,2020-07-04,59.1125,-144.5625
199393,2020-07-05,59.15,-144.78125
199393,2020-07-06,59.15,-145.05
199393,2020-07-07,59.175,-145.255
199393,2020-07-08,59.2125,-145.4375
199393,2020-07-09,59.25,-145.46
199393,2020-07-10,59.2875,-145.4625
199393,2020-07-11,59.325,-145.445
199393,2020-07-12,59.2625,-145.5
199393,2020-07-13,59.155,-145.56
199393,2020-07-14,59.1,-145.5875
199393,2020-07-15,58.995,-145.66
199393,2020-07-16,59.0125,-145.775
199393,2020-07-17,59.025,-145.915
199393,2020-07-18,59.0625,-146.075
199393,2020-07-19,59.095,-146.21
199393,2020-07-20,59.1125,-146.525
199393,2020-07-21,59.15,-146.99
199393,2020-07-22,59.15,-147.0625
199393,2020-07-23,59.15,-147.335
199393,2020-07-24,59.15,-147.35
199393,2020-07-25,59.175,-147.46
199393,2020-07-26,59.1875,-147.625
199393,2020-07-27,59.2,-147.725
199393,2020-07-28,59.2,-147.785
199393,2020-07-29,59.1875,-147.9125
199393,2020-07-30,59.16,-148.085
199398,2020-06-04,59.375,-139.65
199398,2020-06-05,59.375,-139.9
199398,2020-06-06,59.375,-140.1
199398,2020-06-07,59.35,-140.345
199398,2020-06-08,59.3375,-140.65
199398,2020-06-09,59.275,-141.045
199398,2020-06-10,59.2,-141.375
199398,2020-06-11,59.15,-141.82
199398,2020-06-12,59.1125,-142.0125
199398,2020-06-13,59.075,-142.235
199398,2020-06-14,58.8875,-142.5125
199398,2020-06-15,58.685,-142.83
199398,2020-06-16,58.65,-143.1375
199398,2020-06-17,58.61,-143.505
199398,2020-06-18,58.5875,-143.8625
199398,2020-06-19,58.53,-144.325
199398,2020-06-20,58.4375,-144.7125
199398,2020-06-21,58.355,-145.195
199398,2020-06-22,58.275,-145.5375
199398,2020-06-23,58.13,-146.04
199398,2020-06-24,58.125,-146.3375
199398,2020-06-25,58.1,-146.695
199398,2020-06-26,58.1125,-147.1875
199398,2020-06-27,58.125,-147.625
199398,2020-06-28,58.0875,-147.8625
199398,2020-06-29,58.05,-148.225
199398,2020-06-30,57.9625,-148.4125
199398,2020-07-01,57.9,-148.655
199398,2020-07-02,57.825,-148.9
199398,2020-07-03,57.775,-149.265
199398,2020-07-04,57.575,-149.3875
199398,2020-07-05,57.405,-149.62
199398,2020-07-06,57.185,-149.705
199398,2020-07-07,57,-149.925
199398,2020-07-08,56.75,-150.31
199398,2020-07-09,56.65,-150.5375
199398,2020-07-10,56.55,-150.87
199398,2020-07-11,56.3875,-151.125
199398,2020-07-12,56.24,-151.48
199398,2020-07-13,56.135,-151.87
199398,2020-07-14,56.075,-152.3125
199398,2020-07-15,55.95,-152.805
199398,2020-07-16,55.8625,-153.375
199398,2020-07-17,55.715,-153.92
199398,2020-07-18,55.65,-154.5
199398,2020-07-19,55.58,-155.145
199398,2020-07-20,55.4625,-155.575
199398,2020-07-21,55.35,-156.055
199398,2020-07-22,55.2,-156.4875
199398,2020-07-23,55.06,-156.965
199398,2020-07-24,54.9125,-157.325
199398,2020-07-25,54.85,-157.57
199398,2020-07-26,54.8,-157.975
199398,2020-07-27,54.7,-158.515
199398,2020-07-28,54.6625,-158.875
199398,2020-07-29,54.65,-159.295
199398,2020-07-30,54.625,-159.6125
199398,2020-07-31,54.6,-159.995
199398,2020-08-01,54.575,-160.255
199398,2020-08-02,54.5125,-160.5125
199398,2020-08-03,54.425,-160.835
199398,2020-08-04,54.3875,-161.0375
199398,2020-08-05,54.35,-161.335
199398,2020-08-06,54.3,-161.525
199398,2020-08-07,54.215,-161.795
199398,2020-08-08,54.1,-161.925
199398,2020-08-09,53.91,-162.16
199398,2020-08-10,53.9,-162.3125
199400,2020-06-05,59.375,-139.6625
199400,2020-06-06,59.375,-139.885
199400,2020-06-07,59.3625,-140.075
199400,2020-06-08,59.34,-140.27
199400,2020-06-09,59.2125,-140.625
199400,2020-06-10,59.13,-140.945
199400,2020-06-11,59.1125,-141.125
199400,2020-06-12,59.09,-141.155
199400,2020-06-13,59.0125,-141.44375
199400,2020-06-14,58.85,-141.8875
199400,2020-06-15,58.68,-142.32
199400,2020-06-16,58.6625,-142.6125
199400,2020-06-17,58.625,-142.995
199400,2020-06-18,58.625,-143.225
199400,2020-06-19,58.6,-143.535
199400,2020-06-20,58.55,-143.8125
199400,2020-06-21,58.43125,-144.20625
199400,2020-06-22,58.3875,-144.5125
199400,2020-06-23,58.33,-144.945
199400,2020-06-24,58.225,-145.1375
199400,2020-06-25,58.105,-145.435
199400,2020-06-26,58.075,-145.645
199400,2020-06-27,57.8875,-145.7375
199400,2020-06-28,57.73,-145.7
199400,2020-06-29,57.5625,-145.95
199400,2020-06-30,57.365,-146.095
199400,2020-07-01,57.235,-146.215
199400,2020-07-02,57.15,-146.2625
199400,2020-07-03,57.075,-146.31
199400,2020-07-04,57.05,-146.475
199400,2020-07-05,57.05,-146.6625
199401,2020-06-09,59.375,-139.7625
199401,2020-06-10,59.23,-140.1
199401,2020-06-11,59.125,-140.395
199401,2020-06-12,59,-140.7125
199401,2020-06-13,58.875,-140.975
199401,2020-06-14,58.625,-141.2875
199401,2020-06-15,58.34,-141.61
199401,2020-06-16,58.1125,-141.925
199401,2020-06-17,57.88,-142.29
199401,2020-06-18,57.775,-142.6125
199401,2020-06-19,57.63,-142.925
199401,2020-06-20,57.5125,-143.3
199401,2020-06-21,57.38,-143.655
199401,2020-06-22,57.2875,-143.9625
199401,2020-06-23,57.155,-144.325
199401,2020-06-24,57.1,-144.6375
199401,2020-06-25,57.005,-144.99
199401,2020-06-26,56.95,-145.325
199401,2020-06-27,56.9,-145.725
199401,2020-06-28,56.85,-145.975
199401,2020-06-29,56.78,-146.33
199401,2020-06-30,56.65,-146.6375
199401,2020-07-01,56.54,-146.995
199401,2020-07-02,56.4,-147.4
199401,2020-07-03,56.29,-147.81
199401,2020-07-04,56.175,-148.2375
199401,2020-07-05,56.1,-148.68
199401,2020-07-06,55.9875,-149.2
199401,2020-07-07,55.9,-149.765
199401,2020-07-08,55.85,-150.2875
199401,2020-07-09,55.785,-150.89
199401,2020-07-10,55.7,-151.25
199401,2020-07-11,55.625,-151.66
199401,2020-07-12,55.5375,-152.0125
199401,2020-07-13,55.385,-152.505
199401,2020-07-14,55.3125,-152.8
199401,2020-07-15,55.155,-153.225
199401,2020-07-16,54.975,-153.7
199401,2020-07-17,54.765,-154.41
199401,2020-07-18,54.6625,-154.725
199401,2020-07-19,54.56,-155.13
199401,2020-07-20,54.47,-155.53
199401,2020-07-21,54.3375,-155.875
199401,2020-07-22,54.16,-156.235
199401,2020-07-23,54.1125,-156.55
199401,2020-07-24,54.05,-156.905
199401,2020-07-25,53.975,-157.0625
199401,2020-07-26,53.905,-157.27
199401,2020-07-27,53.8625,-157.425
199401,2020-07-28,53.825,-157.6
199401,2020-07-29,53.75,-157.7
199401,2020-07-30,53.66,-157.795
199401,2020-07-31,53.605,-157.88
199401,2020-08-01,53.6,-157.9125
199401,2020-08-02,53.6,-158.065
199401,2020-08-03,53.6,-157.9625
199401,2020-08-04,53.6,-157.8875
199404,2020-06-08,59.375,-139.725
199404,2020-06-09,59.375,-140.025
199404,2020-06-10,59.3375,-140.5125
199404,2020-06-11,59.21875,-141.03125
199404,2020-06-12,59.1875,-141.375
199404,2020-06-13,59.16875,-141.6875
199404,2020-06-14,59.06666667,-142.2333333
199404,2020-06-15,58.925,-142.7
199404,2020-06-16,58.85,-143.15
199404,2020-06-17,58.755,-143.69
199404,2020-06-18,58.675,-144.1375
199404,2020-06-19,58.625,-144.725
199404,2020-06-20,58.575,-145.2875
199404,2020-06-21,58.48,-145.965
199404,2020-06-22,58.4125,-146.65
199404,2020-06-23,58.375,-147.67
199404,2020-06-24,58.3,-148.0125
199404,2020-06-25,58.22,-148.55
199404,2020-06-26,58.1625,-149.0375
199404,2020-06-27,58.105,-149.635
199404,2020-06-28,57.95,-150
199404,2020-06-29,57.815,-150.43
199404,2020-06-30,57.6,-150.7875
199404,2020-07-01,57.365,-151.125
199404,2020-07-02,57.2125,-151.5625
199404,2020-07-03,56.97,-152.13
199404,2020-07-04,56.775,-152.5125
199404,2020-07-05,56.52,-152.97
199404,2020-07-06,56.2625,-153.3625
199404,2020-07-07,55.995,-153.86
199404,2020-07-08,55.8,-154.3125
199404,2020-07-09,55.585,-154.775
199404,2020-07-10,55.4125,-155.3
199404,2020-07-11,55.185,-155.865
199404,2020-07-12,55.1125,-156.325
199404,2020-07-13,54.93,-157.04
199404,2020-07-14,54.875,-157.4875
199404,2020-07-15,54.825,-158.11
199404,2020-07-16,54.6625,-158.5
199404,2020-07-17,54.405,-158.89
199404,2020-07-18,54.3375,-159.3625
199404,2020-07-19,54.2,-159.855
199404,2020-07-20,54.125,-160.2625
199404,2020-07-21,54.02,-160.745
199404,2020-07-22,53.95,-161.1375
199404,2020-07-23,53.875,-161.65
199404,2020-07-24,53.875,-162.0625
199404,2020-07-25,53.85,-162.58125
199406,2020-06-08,59.375,-139.725
199406,2020-06-09,59.4,-139.885
199406,2020-06-10,59.4,-140.125
199406,2020-06-11,59.375,-140.3
199406,2020-06-12,59.375,-140.4875
199406,2020-06-13,59.36875,-140.68125
199406,2020-06-14,59.3,-141.0375
199406,2020-06-15,59.175,-141.3875
199406,2020-06-16,59.075,-141.75
199406,2020-06-17,58.9375,-142.1125
199406,2020-06-18,58.825,-142.4625
199406,2020-06-19,58.6875,-142.8125
199406,2020-06-20,58.575,-143.1625
199406,2020-06-21,58.455,-143.555
199406,2020-06-22,58.3375,-143.825
199406,2020-06-23,58.1625,-144.125
199406,2020-06-24,57.975,-144.4125
199406,2020-06-25,57.85,-144.715
199406,2020-06-26,57.7875,-145.025
199406,2020-06-27,57.65,-145.375
199406,2020-06-28,57.55,-145.7625
199406,2020-06-29,57.425,-146.0875
199406,2020-06-30,57.325,-146.3625
199406,2020-07-01,57.21,-146.635
199406,2020-07-02,57.1875,-147.025
199406,2020-07-03,57.15,-147.4875
199406,2020-07-04,57.1125,-147.9125
199406,2020-07-05,57.075,-148.3
199406,2020-07-06,57.0375,-148.675
199406,2020-07-07,57.03,-149.115
199406,2020-07-08,56.9125,-149.325
199406,2020-07-09,56.9,-150.055
199406,2020-07-10,56.825,-150.4
199406,2020-07-11,56.6875,-150.8375
199406,2020-07-12,56.55,-151.275
199406,2020-07-13,56.405,-151.74
199406,2020-07-14,56.325,-152.125
199406,2020-07-15,56.175,-152.5875
199406,2020-07-16,56.025,-153.0375
199406,2020-07-17,55.8625,-153.4375
199406,2020-07-18,55.6875,-153.85
199406,2020-07-19,55.6,-154.28
199406,2020-07-20,55.555,-154.765
199406,2020-07-21,55.3875,-155.125
199406,2020-07-22,55.2,-155.5625
199406,2020-07-23,55.0375,-156.0375
199406,2020-07-24,54.88,-156.61
199406,2020-07-25,54.825,-157.1
199406,2020-07-26,54.725,-157.82
199406,2020-07-27,54.6375,-158.45
199406,2020-07-28,54.55,-159.2125
199406,2020-07-29,54.425,-159.9625
199406,2020-07-30,54.35,-160.7
199406,2020-07-31,54.2375,-161.425
199406,2020-08-01,54.15,-162.2
199406,2020-08-02,54.1125,-162.65
199406,2020-08-03,54.0625,-163.1625
199406,2020-08-04,54.0375,-163.675
199406,2020-08-05,54.045,-164.26
199406,2020-08-06,54.05,-164.8125
199406,2020-08-07,54.115,-165.58
199406,2020-08-08,54.0875,-166.175
199406,2020-08-09,54.1375,-166.8625
199406,2020-08-10,54.05,-167.5375
199406,2020-08-11,53.9,-168.37
199406,2020-08-12,53.8875,-168.85
199406,2020-08-13,53.8625,-169.45
199406,2020-08-14,53.85,-170.135
199406,2020-08-15,53.8125,-170.675
199406,2020-08-16,53.71,-171.385
199406,2020-08-17,53.6875,-171.7625
199406,2020-08-18,53.65,-172.295
199406,2020-08-19,53.6625,-172.425
199406,2020-08-20,53.675,-172.57
199406,2020-08-21,53.7125,-172.6875
199406,2020-08-22,53.7375,-172.8625
199406,2020-08-23,53.75,-173.05
199406,2020-08-24,53.73,-173.27
199406,2020-08-25,53.775,-173.3375
199406,2020-08-26,53.825,-173.35
199406,2020-08-27,53.85,-173.3625
199406,2020-08-28,53.875,-173.375
199406,2020-08-29,53.9,-173.375
199406,2020-08-30,53.9375,-173.35
199406,2020-08-31,53.975,-173.3125
199406,2020-09-01,54,-173.22
199406,2020-09-02,54.0375,-173.2
199406,2020-09-03,54.1125,-173.1625
199406,2020-09-04,54.1375,-173.1125
199406,2020-09-05,54.1875,-173.0625
199406,2020-09-06,54.2125,-173.025
199406,2020-09-07,54.225,-172.965
199406,2020-09-08,54.2625,-172.9
199406,2020-09-09,54.3125,-172.8
199406,2020-09-10,54.325,-172.765
199406,2020-09-11,54.35,-172.675
199406,2020-09-12,54.44,-172.6
199406,2020-09-13,54.45,-172.5625
199406,2020-09-14,54.4875,-172.5375
199406,2020-09-15,54.5125,-172.525
199406,2020-09-16,54.545,-172.525
199406,2020-09-17,54.5625,-172.4375
199406,2020-09-18,54.6,-172.3125
199406,2020-09-19,54.6375,-172.1625
199406,2020-09-20,54.675,-172.025
199406,2020-09-21,54.6875,-171.925
199406,2020-09-22,54.725,-171.825
199406,2020-09-23,54.7625,-171.725
199406,2020-09-24,54.8,-171.625
199406,2020-09-25,54.8375,-171.525
199406,2020-09-26,54.8625,-171.425
199406,2020-09-27,54.8875,-171.325
199406,2020-09-28,54.9125,-171.2375
199406,2020-09-29,54.9375,-171.15
199406,2020-09-30,54.95,-171.05
199406,2020-10-01,54.95,-170.975
199406,2020-10-02,54.95,-170.8875
199406,2020-10-03,54.95,-170.8375
199406,2020-10-04,54.925,-170.795
199406,2020-10-05,54.9375,-170.7625
199406,2020-10-06,55,-170.7125
199406,2020-10-07,55.0625,-170.7
199406,2020-10-08,55.1125,-170.675
199406,2020-10-09,55.1375,-170.675
199406,2020-10-10,55.15,-170.675
199406,2020-10-11,55.175,-170.675
199406,2020-10-12,55.2,-170.675
199406,2020-10-13,55.2,-170.7
199406,2020-10-14,55.2125,-170.7375
199406,2020-10-15,55.2375,-170.7875
199406,2020-10-16,55.27,-170.82
199406,2020-10-17,55.275,-170.825
199406,2020-10-18,55.275,-170.8
199406,2020-10-19,55.275,-170.775
199406,2020-10-20,55.275,-170.75
199406,2020-10-21,55.2875,-170.725
199406,2020-10-22,55.3,-170.7
199406,2020-10-23,55.2875,-170.675
199406,2020-10-24,55.3,-170.56
199406,2020-10-25,55.3,-170.35
199406,2020-10-26,55.3125,-170.1
199406,2020-10-27,55.325,-169.85
199406,2020-10-28,55.325,-169.555
199406,2020-10-29,55.325,-169.425
199406,2020-10-30,55.285,-169.325
199406,2020-10-31,55.2875,-169.35
199406,2020-11-01,55.3,-169.525
199406,2020-11-02,55.3125,-169.6
199406,2020-11-03,55.325,-169.6125
199406,2020-11-04,55.325,-169.6625
199406,2020-11-05,55.325,-169.7125
199406,2020-11-06,55.325,-169.775
199406,2020-11-07,55.325,-169.8375
199406,2020-11-08,55.3375,-169.925
199406,2020-11-09,55.35,-170.025
199406,2020-11-10,55.35,-170.1125
199406,2020-11-11,55.35,-170.21
199406,2020-11-12,55.3375,-170.25
199406,2020-11-13,55.3125,-170.275
199406,2020-11-14,55.2875,-170.3
199406,2020-11-15,55.2625,-170.325
199406,2020-11-16,55.2375,-170.35
199406,2020-11-17,55.2125,-170.3875
199406,2020-11-18,55.1875,-170.425
199406,2020-11-19,55.1625,-170.4625
199406,2020-11-20,55.1375,-170.5125
199406,2020-11-21,55.125,-170.575
199406,2020-11-22,55.1,-170.625
199406,2020-11-23,55.075,-170.6875
199406,2020-11-24,55.05,-170.7375
199406,2020-11-25,55.025,-170.8
199406,2020-11-26,54.9875,-170.8625
199406,2020-11-27,54.9625,-170.9
199406,2020-11-28,54.95,-170.91
199406,2020-11-29,54.9625,-170.8
199406,2020-11-30,54.975,-170.54
199406,2020-12-01,55.0125,-170.475
199406,2020-12-02,55.0625,-170.3625
199406,2020-12-03,55.1125,-170.2
199406,2020-12-04,55.13,-170.03
199406,2020-12-05,55.175,-169.9375
199406,2020-12-06,55.275,-169.8875
199406,2020-12-07,55.35,-169.8375
199406,2020-12-08,55.45,-169.7875
199406,2020-12-09,55.5625,-169.7125
199406,2020-12-10,55.65,-169.65
199406,2020-12-11,55.675,-169.6625
199406,2020-12-12,55.7,-169.725
199406,2020-12-13,55.7375,-169.7875
199406,2020-12-14,55.775,-169.85
199406,2020-12-15,55.8125,-169.9125
199406,2020-12-16,55.8625,-169.9875
199406,2020-12-17,55.9125,-170.0375
199406,2020-12-18,55.975,-170.0875
199406,2020-12-19,56.0375,-170.1625
199406,2020-12-20,56.0875,-170.2125
199406,2020-12-21,56.1375,-170.2875
199406,2020-12-22,56.2125,-170.3375
199406,2020-12-23,56.2875,-170.3875
199406,2020-12-24,56.3375,-170.4625
199406,2020-12-25,56.4125,-170.525
199406,2020-12-26,56.5,-170.5875
199406,2020-12-27,56.575,-170.65
199406,2020-12-28,56.65,-170.725
199406,2020-12-29,56.755,-170.825
199406,2020-12-30,56.7625,-170.875
199406,2020-12-31,56.75,-170.95
199406,2021-01-01,56.7625,-171.025
199406,2021-01-02,56.7875,-171.1
199406,2021-01-03,56.8375,-171.1625
199406,2021-01-04,56.905,-171.275
199406,2021-01-05,56.8875,-171.35
199406,2021-01-06,56.8375,-171.475
199406,2021-01-07,56.7875,-171.6
199406,2021-01-08,56.7375,-171.725
199406,2021-01-09,56.6875,-171.8375
199406,2021-01-10,56.65,-171.95
199406,2021-01-11,56.625,-172.05
199406,2021-01-12,56.6,-172.15
199406,2021-01-13,56.5875,-172.25
199406,2021-01-14,56.575,-172.35
199406,2021-01-15,56.575,-172.45
199406,2021-01-16,56.55,-172.55
199406,2021-01-17,56.55,-172.665
199406,2021-01-18,56.5375,-172.75
199406,2021-01-19,56.5125,-172.85
199406,2021-01-20,56.4875,-172.95
199406,2021-01-21,56.4625,-173.075
199406,2021-01-22,56.435,-173.145
199406,2021-01-23,56.425,-173.2625
199406,2021-01-24,56.425,-173.475
199406,2021-01-25,56.425,-173.65
199406,2021-01-26,56.425,-173.8375
199406,2021-01-27,56.4125,-174.025
199406,2021-01-28,56.4,-174.2
199406,2021-01-29,56.4,-174.4166667
199407,2020-06-07,59.375,-139.65
199407,2020-06-08,59.375,-139.79
199407,2020-06-09,59.375,-139.925
199407,2020-06-10,59.375,-139.995
199407,2020-06-11,59.375,-140.075
199407,2020-06-12,59.375,-140.14
199407,2020-06-13,59.3625,-140.225
199407,2020-06-14,59.325,-140.32
199407,2020-06-15,59.325,-140.3875
199407,2020-06-16,59.34375,-140.45625
199407,2020-06-17,59.225,-140.675
199407,2020-06-18,59.125,-140.89375
199407,2020-06-19,59.125,-141.1
199407,2020-06-20,59.125,-141.34375
199407,2020-06-21,59.075,-141.775
199407,2020-06-22,58.98,-142.285
199407,2020-06-23,58.8875,-142.6375
199407,2020-06-24,58.68,-143.025
199407,2020-06-25,58.58,-143.385
199407,2020-06-26,58.3875,-143.725
199407,2020-06-27,58.18,-144.155
199407,2020-06-28,58.055,-144.405
199407,2020-06-29,57.8625,-144.7375
199407,2020-06-30,57.655,-145.145
199407,2020-07-01,57.65,-145.5
199407,2020-07-02,57.625,-145.925
199407,2020-07-03,57.625,-146.325
199407,2020-07-04,57.625,-146.78
199407,2020-07-05,57.65,-147.1625
199407,2020-07-06,57.675,-147.64
199407,2020-07-07,57.6875,-147.9875
199489,2020-06-07,59.375,-139.675
199489,2020-06-08,59.375,-139.81
199489,2020-06-09,59.2875,-140.075
199489,2020-06-10,59.15,-140.37
199489,2020-06-11,59.1375,-140.6125
199489,2020-06-12,59.125,-140.88
199489,2020-06-13,59.1,-141.075
199489,2020-06-14,59.1,-141.19
199489,2020-06-15,59.1,-141.6
199489,2020-06-16,59.075,-142.09
199489,2020-06-17,59.0125,-142.4
199489,2020-06-18,58.925,-142.72
199489,2020-06-19,59,-143.025
199489,2020-06-20,59.075,-143.385
199489,2020-06-21,58.9875,-143.7125
199489,2020-06-22,58.9,-144.25
199489,2020-06-23,58.8625,-144.6
199489,2020-06-24,58.825,-145.06
199489,2020-06-25,58.725,-145.4875
199489,2020-06-26,58.63,-146.01
199489,2020-06-27,58.625,-146.35
199489,2020-06-28,58.6,-146.77
199489,2020-06-29,58.525,-147.225
199489,2020-06-30,58.425,-147.895
199489,2020-07-01,58.35,-148.0875
199489,2020-07-02,58.23,-148.395
199489,2020-07-03,58.15,-148.825
199489,2020-07-04,58.1,-149.27
199489,2020-07-05,57.9,-149.675
199489,2020-07-06,57.715,-150.04
199489,2020-07-07,57.65,-150.5125
199489,2020-07-08,57.59,-150.945
199489,2020-07-09,57.4125,-151.35
199489,2020-07-10,57.305,-151.8
199489,2020-07-11,57,-152.425
199489,2020-07-12,56.705,-153.11
199489,2020-07-13,56.525,-153.5875
199489,2020-07-14,56.33,-154.28
199489,2020-07-15,56.0625,-154.7375
199489,2020-07-16,55.88,-155.56
199489,2020-07-17,55.725,-155.9
199489,2020-07-18,55.555,-156.275
199489,2020-07-19,55.35,-156.4875
199489,2020-07-20,55.135,-156.97
199489,2020-07-21,55.075,-157.2625
199489,2020-07-22,54.925,-157.745
199489,2020-07-23,54.9,-158.225
199489,2020-07-24,54.875,-158.935
199489,2020-07-25,54.8875,-159.1625
199489,2020-07-26,55.28,-159.765
199489,2020-07-27,55.3625,-159.9375
199489,2020-07-28,54.875,-159.845
199489,2020-07-29,54.875,-160.05
199489,2020-07-30,54.855,-160.245
199489,2020-07-31,54.825,-160.5625
199489,2020-08-01,54.73,-160.84
199489,2020-08-02,54.6875,-161.0625
199489,2020-08-03,54.635,-161.295
199489,2020-08-04,54.6125,-161.4625
199489,2020-08-05,54.535,-161.735
199489,2020-08-06,54.475,-161.8625
199489,2020-08-07,54.405,-162.045
199489,2020-08-08,54.3875,-162.1375
199489,2020-08-09,54.35,-162.305
199489,2020-08-10,54.35,-162.4
199489,2020-08-11,54.34,-162.49
199489,2020-08-12,54.35,-162.6125
199489,2020-08-13,54.35,-162.765
199489,2020-08-14,54.35,-162.9375
199489,2020-08-15,54.35,-163.205
199489,2020-08-16,54.3625,-163.125
199489,2020-08-17,54.425,-163.075
199490,2020-06-09,59.375,-139.6916667
199490,2020-06-10,59.3625,-140.075
199490,2020-06-11,59.34,-140.705
199490,2020-06-12,59.3375,-140.6875
199490,2020-06-13,59.35,-140.625
199490,2020-06-14,59.3375,-140.7625
199490,2020-06-15,59.31,-140.835
199490,2020-06-16,59.3125,-141.025
199490,2020-06-17,59.325,-141.285
199490,2020-06-18,59.2875,-141.525
199490,2020-06-19,59.23928571,-141.7607143
199490,2020-06-20,59.3375,-144.3375
199490,2020-06-21,59.3,-144.69375
199490,2020-06-22,59.24,-144.895
199490,2020-06-23,59.15,-145.0875
199490,2020-06-24,59.1,-145.195
199490,2020-06-25,59.05,-145.6
199490,2020-06-26,58.995,-146.03
199490,2020-06-27,58.925,-146.2625
199490,2020-06-28,58.875,-146.525
199490,2020-06-29,58.75,-146.9
199490,2020-06-30,58.58,-147.165
199490,2020-07-01,58.5125,-147.6625
199490,2020-07-02,58.4,-148.105
199490,2020-07-03,58.325,-148.3875
199490,2020-07-04,58.205,-148.605
199490,2020-07-05,58.125,-149.0375
199490,2020-07-06,57.99,-149.655
199490,2020-07-07,58,-150.025
199490,2020-07-08,57.985,-150.5
199490,2020-07-09,57.9,-150.9625
199490,2020-07-10,57.85,-151.58
199490,2020-07-11,57.7,-151.65
199490,2020-07-12,57.535,-151.75
199490,2020-07-13,57.34,-151.92
199490,2020-07-14,57.025,-152.2625
199490,2020-07-15,56.655,-152.69
199490,2020-07-16,56.37,-153.04
199490,2020-07-17,56.1625,-153.375
199490,2020-07-18,55.885,-153.845
199490,2020-07-19,55.75,-154.25
199490,2020-07-20,55.61,-154.755
199490,2020-07-21,55.4375,-155.2
199490,2020-07-22,55.22,-155.775
199490,2020-07-23,55.125,-156.2375
199491,2020-06-09,59.375,-139.65
199491,2020-06-10,59.375,-139.875
199491,2020-06-11,59.3375,-140.175
199491,2020-06-12,59.28,-140.465
199491,2020-06-13,59.15,-140.825
199491,2020-06-14,59.1,-141.30625
199491,2020-06-15,58.975,-141.5875
199491,2020-06-16,58.8625,-141.925
199491,2020-06-17,58.7375,-142.275
199491,2020-06-18,58.635,-142.605
199491,2020-06-19,58.575,-142.9
199491,2020-06-20,58.45,-143.1375
199491,2020-06-21,58.35,-143.3875
199491,2020-06-22,58.2125,-143.6
199491,2020-06-23,58.1,-143.8
199491,2020-06-24,57.98,-143.98
199491,2020-06-25,57.925,-144.25
199491,2020-06-26,57.8875,-144.6375
199491,2020-06-27,57.85,-145.105
199491,2020-06-28,57.8125,-145.4125
199491,2020-06-29,57.75,-145.7875
199491,2020-06-30,57.6625,-146.125
199491,2020-07-01,57.635,-146.58
199491,2020-07-02,57.6,-146.9
199491,2020-07-03,57.575,-147.295
199491,2020-07-04,57.53,-147.745
199491,2020-07-05,57.4375,-148.175
199491,2020-07-06,57.375,-148.72
199491,2020-07-07,57.3,-149.2375
199491,2020-07-08,57.18,-149.635
199491,2020-07-09,56.9875,-150
199491,2020-07-10,56.735,-150.5
199491,2020-07-11,56.5375,-150.8875
199491,2020-07-12,56.295,-151.37
199491,2020-07-13,56.0875,-151.825
199491,2020-07-14,55.8,-152.3125
199491,2020-07-15,55.545,-152.84
199491,2020-07-16,55.3125,-153.3875
199491,2020-07-17,55.14,-154.495
199491,2020-07-18,54.8875,-154.8875
199491,2020-07-19,54.58,-155.25
199491,2020-07-20,54.4,-155.875
199491,2020-07-21,54.185,-156.545
199491,2020-07-22,54.075,-157.225
199491,2020-07-23,53.905,-157.95
199491,2020-07-24,53.85,-158.4625
199491,2020-07-25,53.77,-159.06
199491,2020-07-26,53.7,-159.5125
199491,2020-07-27,53.625,-160.0625
199491,2020-07-28,53.525,-160.5875
199491,2020-07-29,53.425,-161.17
199491,2020-07-30,53.36,-161.685
199491,2020-07-31,53.3375,-162.1625
199491,2020-08-01,53.275,-162.815
199491,2020-08-02,53.275,-163.3125
199491,2020-08-03,53.275,-163.91
199491,2020-08-04,53.3125,-164.475
199491,2020-08-05,53.3625,-165.1
199491,2020-08-06,53.375,-165.7
199491,2020-08-07,53.39,-166.315
199491,2020-08-08,53.375,-166.675
199491,2020-08-09,53.36,-167.185
199491,2020-08-10,53.2,-167.5
199491,2020-08-11,52.905,-168.305
199491,2020-08-12,52.8625,-168.675
199491,2020-08-13,52.8125,-169.1875
199491,2020-08-14,52.75,-169.8375
199491,2020-08-15,52.675,-170.4375
199491,2020-08-16,52.6125,-171.025
199491,2020-08-17,52.5625,-171.6
199491,2020-08-18,52.5,-172.175
199491,2020-08-19,52.425,-172.80625
199491,2020-08-20,52.425,-173.3625
199491,2020-08-21,52.4,-173.98
199491,2020-08-22,52.4125,-174.4875
199491,2020-08-23,52.425,-175.085
199491,2020-08-24,52.4125,-175.4875
199491,2020-08-25,52.4,-176.025
199491,2020-08-26,52.3625,-176.5625
199491,2020-08-27,52.325,-177.185
199491,2020-08-28,52.275,-177.6375
199491,2020-08-29,52.18,-178.255
199491,2020-08-30,52.1375,-178.65
199491,2020-08-31,52.08,-179.23
199491,2020-09-01,51.975,-179.65
199491,2020-09-02,51.815,-181.355
199491,2020-09-03,51.825,-181.7625
199491,2020-09-04,51.81,-182.43
199491,2020-09-05,51.8375,-182.9125
199491,2020-09-06,51.89,-183.61
199491,2020-09-07,51.875,-184.0125
199491,2020-09-08,51.85,-184.565
199491,2020-09-09,51.85,-184.8125
199491,2020-09-10,51.85,-185.095
199491,2020-09-11,51.85,-185.1625
199491,2020-09-12,51.8625,-185.2
199491,2020-09-13,51.875,-185.2375
199491,2020-09-14,51.875,-185.3
199491,2020-09-15,51.875,-185.325
199491,2020-09-16,51.875,-185.365
199491,2020-09-17,51.875,-185.4125
199491,2020-09-18,51.85,-185.54
199491,2020-09-19,51.85,-185.525
199491,2020-09-20,51.85,-185.5
199491,2020-09-21,51.85,-185.4625
199491,2020-09-22,51.85,-185.425
199491,2020-09-23,51.8625,-185.425
199491,2020-09-24,51.875,-185.455
199491,2020-09-25,51.8875,-185.45
199491,2020-09-26,51.945,-185.515
199491,2020-09-27,51.975,-185.5
199491,2020-09-28,51.975,-185.51
199491,2020-09-29,52,-185.5125
199491,2020-09-30,52.0625,-185.5
199491,2020-10-01,52.0875,-185.4875
199491,2020-10-02,52.1375,-185.475
199491,2020-10-03,52.1875,-185.4625
199491,2020-10-04,52.2375,-185.4375
199491,2020-10-05,52.31,-185.39
199491,2020-10-06,52.325,-185.325
199491,2020-10-07,52.365,-185.145
199491,2020-10-08,52.3875,-185.0375
199491,2020-10-09,52.445,-184.815
199491,2020-10-10,52.45,-184.7
199491,2020-10-11,52.45,-184.5
199491,2020-10-12,52.4625,-184.4125
199491,2020-10-13,52.475,-184.315
199491,2020-10-14,52.475,-184.2625
199491,2020-10-15,52.475,-184.22
199491,2020-10-16,52.475,-184.225
199491,2020-10-17,52.45,-184.24
199491,2020-10-18,52.45,-184.2375
199491,2020-10-19,52.45,-184.26
199491,2020-10-20,52.45,-184.275
199491,2020-10-21,52.45,-184.315
199491,2020-10-22,52.45,-184.35
199491,2020-10-23,52.415,-184.385
199491,2020-10-24,52.4,-184.375
199491,2020-10-25,52.36875,-184.35
199491,2020-10-26,52.35,-184.3125
199491,2020-10-27,52.32,-184.295
199491,2020-10-28,52.3125,-184.3875
199491,2020-10-29,52.24,-184.56
199491,2020-10-30,52.225,-184.625
199491,2020-10-31,52.225,-184.65
199491,2020-11-01,52.225,-184.7
199491,2020-11-02,52.2125,-184.675
199491,2020-11-03,52.175,-184.555
199491,2020-11-04,52.1625,-184.475
199491,2020-11-05,52.14,-184.375
199491,2020-11-06,52.125,-184.2875
199491,2020-11-07,52.1,-184.145
199491,2020-11-08,52.0875,-184.125
199491,2020-11-09,52.05,-184.125
199491,2020-11-10,52.025,-184.15
199491,2020-11-11,51.96,-184.165
199491,2020-11-12,51.95,-184.1875
199491,2020-11-13,51.925,-184.27
199491,2020-11-14,51.9,-184.3875
199491,2020-11-15,51.86,-184.605
199491,2020-11-16,51.8125,-184.7125
199491,2020-11-17,51.66,-184.855
199491,2020-11-18,51.6375,-184.8875
199491,2020-11-19,51.55,-184.9
199491,2020-11-20,51.425,-184.9
199491,2020-11-21,51.36,-184.89
199491,2020-11-22,51.3125,-184.875
199491,2020-11-23,51.16,-184.855
199491,2020-11-24,51.1125,-184.825
199491,2020-11-25,50.97,-184.705
199491,2020-11-26,50.925,-184.65
199491,2020-11-27,50.85,-184.66
199491,2020-11-28,50.825,-184.6375
199491,2020-11-29,50.695,-184.61
199491,2020-11-30,50.625,-184.6125
199491,2020-12-01,50.51,-184.6
199491,2020-12-02,50.425,-184.6125
199491,2020-12-03,50.29,-184.61
199491,2020-12-04,50.2125,-184.625
199491,2020-12-05,50.105,-184.63
199491,2020-12-06,50.025,-184.6625
199491,2020-12-07,49.905,-184.72
199491,2020-12-08,49.85,-184.75
199491,2020-12-09,49.675,-184.91
199491,2020-12-10,49.55,-185.0625
199491,2020-12-11,49.44166667,-184.7833333
199492,2020-06-08,59.375,-139.65
199492,2020-06-09,59.375,-139.875
199492,2020-06-10,59.35,-140.055
199492,2020-06-11,59.3375,-140.275
199492,2020-06-12,59.3,-140.585
199492,2020-06-13,59.275,-140.5875
199492,2020-06-14,59.275,-140.66
199492,2020-06-15,59.1875,-140.8375
199492,2020-06-16,59.15,-141.07
199492,2020-06-17,59.125,-141.4
199492,2020-06-18,59.125,-141.80625
199492,2020-06-19,59.125,-142.075
199492,2020-06-20,59.125,-142.43
199492,2020-06-21,59.125,-142.5625
199492,2020-06-22,59.125,-142.69
199492,2020-06-23,59.0875,-142.825
199492,2020-06-24,59.075,-142.96
199492,2020-06-25,59.025,-143.1125
199492,2020-06-26,58.95,-143.305
199492,2020-06-27,58.9125,-143.5125
199492,2020-06-28,58.85,-143.745
199492,2020-06-29,58.675,-143.95
199492,2020-06-30,58.53,-144.16
199492,2020-07-01,58.525,-144.525
199492,2020-07-02,58.5625,-144.8125
199492,2020-07-03,58.6,-145.175
199492,2020-07-04,58.6375,-145.6
199492,2020-07-05,58.665,-146.135
199492,2020-07-06,58.725,-146.55
199492,2020-07-07,58.8,-147.07
199492,2020-07-08,58.8625,-147.5625
199492,2020-07-09,58.92,-148.105
199492,2020-07-10,58.85,-148.425
199492,2020-07-11,58.78125,-148.7125
199492,2020-07-12,58.675,-149
199492,2020-07-13,58.6,-149.27
199492,2020-07-14,58.5125,-149.525
199492,2020-07-15,58.405,-149.84
199492,2020-07-16,58.3875,-150.0375
199492,2020-07-17,58.35,-150.29
199492,2020-07-18,58.2625,-150.45
199492,2020-07-19,58.155,-150.66
199492,2020-07-20,58.1,-150.875
199492,2020-07-21,58.03,-151.105
199492,2020-07-22,57.925,-151.2875
199492,2020-07-23,57.83,-151.515
199492,2020-07-24,57.7375,-151.55
199492,2020-07-25,57.65,-151.615
199492,2020-07-26,57.4875,-151.725
199492,2020-07-27,57.35,-151.885
199492,2020-07-28,57.1625,-152.075
199492,2020-07-29,56.935,-152.27
199492,2020-07-30,56.725,-152.4875
199492,2020-07-31,56.505,-152.7
199492,2020-08-01,56.3125,-153.0375
199492,2020-08-02,56.15,-153.265
199492,2020-08-03,56.0125,-153.6875
199492,2020-08-04,55.88,-154.1
199492,2020-08-05,55.85,-154.29
199492,2020-08-06,55.8125,-154.625
199492,2020-08-07,55.75,-155.015
199492,2020-08-08,55.6625,-155.3125
199492,2020-08-09,55.615,-155.515
199492,2020-08-10,55.5875,-155.75
199492,2020-08-11,55.505,-156.2
199492,2020-08-12,55.4625,-156.3625
199492,2020-08-13,55.425,-156.57
199492,2020-08-14,55.3875,-156.7125
199492,2020-08-15,55.35,-156.9
199492,2020-08-16,55.3375,-156.9375
199492,2020-08-17,55.325,-156.95
199492,2020-08-18,55.2875,-157.025
199492,2020-08-19,55.225,-157.115
199497,2020-06-08,59.375,-139.675
199497,2020-06-09,59.3375,-139.8375
199497,2020-06-10,59.3,-139.9
199497,2020-06-11,59.175,-139.9875
199497,2020-06-12,59.125,-140.195
199497,2020-06-13,59.1,-140.4625
199497,2020-06-14,59.1125,-140.84375
199497,2020-06-15,59.1,-140.875
199497,2020-06-16,59.12,-141.045
199497,2020-06-17,59.125,-141.1875
199497,2020-06-18,59.15,-141.475
199497,2020-06-19,59.1625,-141.3375
199497,2020-06-20,59.2,-141.35
199497,2020-06-21,59.275,-141.5625
199497,2020-06-22,59.325,-141.72
199497,2020-06-23,59.35,-141.9625
199497,2020-06-24,59.35,-142.235
199497,2020-06-25,59.375,-142.4875
199497,2020-06-26,59.375,-142.9
199497,2020-06-27,59.375,-142.925
199497,2020-06-28,59.375,-142.935
199497,2020-06-29,59.3625,-143.2
199497,2020-06-30,59.3,-143.355
199497,2020-07-01,59.2,-143.575
199497,2020-07-02,59.15,-143.88
199497,2020-07-03,59.125,-144.175
199497,2020-07-04,59.105,-144.565
199497,2020-07-05,59.0375,-144.7
199497,2020-07-06,58.935,-144.91
199497,2020-07-07,58.8625,-145.025
199497,2020-07-08,58.755,-145.165
199497,2020-07-09,58.7125,-145.275
199497,2020-07-10,58.65,-145.405
199497,2020-07-11,58.6,-145.55
199497,2020-07-12,58.575,-145.685
199497,2020-07-13,58.3875,-145.8
199497,2020-07-14,58.28,-145.895
199497,2020-07-15,58.125,-145.875
199497,2020-07-16,57.955,-145.895
199497,2020-07-17,57.85,-145.9
199497,2020-07-18,57.705,-145.905
199497,2020-07-19,57.625,-145.925
199497,2020-07-20,57.53,-145.955
199497,2020-07-21,57.35,-145.975
199497,2020-07-22,57.14,-146.04
199497,2020-07-23,57.025,-146.0625
199497,2020-07-24,56.73,-146.21
199497,2020-07-25,56.7125,-146.125
199497,2020-07-26,56.635,-146.14
199497,2020-07-27,56.475,-146.075
199497,2020-07-28,56.26,-146.045
199497,2020-07-29,56.2625,-145.9625
199497,2020-07-30,56.28,-145.885
199500,2020-06-06,59.375,-139.6625
199500,2020-06-07,59.375,-139.95
199500,2020-06-08,59.35,-140.225
199500,2020-06-09,59.3375,-140.45
199500,2020-06-10,59.3,-140.64
199500,2020-06-11,59.2375,-140.8875
199500,2020-06-12,59.155,-140.975
199500,2020-06-13,59.1125,-141.3
199500,2020-06-14,59.0625,-141.575
199500,2020-06-15,58.8125,-142.1125
199500,2020-06-16,58.605,-142.62
199500,2020-06-17,58.425,-142.95
199500,2020-06-18,58.205,-143.4
199500,2020-06-19,58.0375,-143.65
199500,2020-06-20,57.855,-144.01
199500,2020-06-21,57.65,-144.2625
199500,2020-06-22,57.415,-144.685
199500,2020-06-23,57.25,-144.9125
199500,2020-06-24,57.1,-145.18
199500,2020-06-25,57.0125,-145.5125
199500,2020-06-26,56.925,-145.87
199500,2020-06-27,56.8625,-146.2
199500,2020-06-28,56.8,-146.585
199500,2020-06-29,56.6875,-146.9125
199500,2020-06-30,56.61,-147.285
199500,2020-07-01,56.525,-147.6875
199500,2020-07-02,56.41,-148.105
199500,2020-07-03,56.3375,-148.6375
199500,2020-07-04,56.205,-149.295
199500,2020-07-05,56.0875,-149.6375
199500,2020-07-06,55.93,-150.01
199500,2020-07-07,55.85,-150.4375
199500,2020-07-08,55.73,-150.935
199500,2020-07-09,55.6125,-151.2
199500,2020-07-10,55.525,-151.505
199500,2020-07-11,55.3875,-151.7875
199500,2020-07-12,55.325,-152.195
199500,2020-07-13,55.1625,-152.375
199500,2020-07-14,55.075,-152.625
199500,2020-07-15,54.8375,-152.9375
199500,2020-07-16,54.515,-153.45
199500,2020-07-17,54.45,-153.675
199500,2020-07-18,54.38,-153.88
199500,2020-07-19,54.3375,-154.2375
199500,2020-07-20,54.3,-154.66
199500,2020-07-21,54.25,-155
199500,2020-07-22,54.2,-155.405
199500,2020-07-23,54.175,-155.9125
199500,2020-07-24,54.175,-156.5
199500,2020-07-25,54.1625,-156.95
199500,2020-07-26,54.11,-157.53
199500,2020-07-27,54.0875,-157.9875
199500,2020-07-28,54.055,-158.585
199500,2020-07-29,54.0125,-159.125
199500,2020-07-30,53.97,-159.83
199500,2020-07-31,53.975,-160.3125
199500,2020-08-01,53.975,-160.94
199500,2020-08-02,53.975,-161.5125
199500,2020-08-03,54,-162.21
199500,2020-08-04,53.9125,-162.7375
199500,2020-08-05,53.85,-163.49
199500,2020-08-06,53.8375,-164.0125
199500,2020-08-07,53.845,-164.755
199500,2020-08-08,53.6625,-165.075
199500,2020-08-09,53.38,-165.55
199500,2020-08-10,53.2625,-165.8625
199500,2020-08-11,53.085,-166.355
199500,2020-08-12,53.1,-166.875
199500,2020-08-13,53.1,-167.655
199500,2020-08-14,52.9875,-168.175
199500,2020-08-15,52.875,-168.905
199500,2020-08-16,52.875,-169.425
199500,2020-08-17,52.9,-170.245
199500,2020-08-18,52.8875,-170.6625
199500,2020-08-19,52.875,-171.18
199500,2020-08-20,52.825,-171.5375
199500,2020-08-21,52.705,-172.04
199500,2020-08-22,52.65,-172.4375
199500,2020-08-23,52.53,-172.93
199500,2020-08-24,52.465,-173.275
199500,2020-08-25,52.4,-173.475
199500,2020-08-26,52.25,-173.74
199500,2020-08-27,52.1375,-174.0375
199500,2020-08-28,51.855,-174.695
199500,2020-08-29,51.775,-175.1
199500,2020-08-30,51.63,-175.59
199500,2020-08-31,51.6,-176.0875
199500,2020-09-01,51.55,-176.76
199500,2020-09-02,51.5625,-177.2625
199500,2020-09-03,51.59,-178.195
199500,2020-09-04,51.6,-178.4
199500,2020-09-05,51.615,-178.59
199500,2020-09-06,51.625,-178.8375
199500,2020-09-07,51.625,-179.13
199500,2020-09-08,51.625,-179.245
199500,2020-09-09,51.625,-179.425
199500,2020-09-10,51.65,-179.74
199500,2020-09-11,51.6375,-180.5125
199500,2020-09-12,51.625,-181.49
199500,2020-09-13,51.625,-181.625
199500,2020-09-14,51.625,-181.755
199500,2020-09-15,51.625,-181.825
199500,2020-09-16,51.625,-181.92
199500,2020-09-17,51.6375,-182.2375
199500,2020-09-18,51.675,-182.78
199500,2020-09-19,51.7,-183.1375
199500,2020-09-20,51.715,-183.64
199500,2020-09-21,51.7,-183.9
199500,2020-09-22,51.7,-184.26
199500,2020-09-23,51.725,-184.475
199500,2020-09-24,51.765,-184.865
199500,2020-09-25,51.79166667,-185.2416667
199500,2020-09-26,51.825,-185.685
199500,2020-09-27,51.8625,-185.9875
199500,2020-09-28,51.915,-186.43
199500,2020-09-29,51.95,-186.7
199500,2020-09-30,52.045,-187.155
199500,2020-10-01,52.0625,-187.425
199500,2020-10-02,52.125,-187.725
199500,2020-10-03,52.125,-187.9375
199500,2020-10-04,52.165,-188.35
199500,2020-10-05,52.2125,-188.7125
199500,2020-10-06,52.315,-189.1
199500,2020-10-07,52.3375,-189.2875
199500,2020-10-08,52.4,-189.415
199500,2020-10-09,52.4375,-189.5
199500,2020-10-10,52.5125,-189.5875
199500,2020-10-11,52.5625,-189.6625
199500,2020-10-12,52.62,-189.74
199500,2020-10-13,52.65,-189.7875
199500,2020-10-14,52.76,-189.875
199500,2020-10-15,52.8125,-189.9625
199500,2020-10-16,52.86,-190.13
199500,2020-10-17,52.8875,-190.1875
199500,2020-10-18,52.995,-190.26
199500,2020-10-19,53,-190.4125
199500,2020-10-20,53.04,-190.665
199500,2020-10-21,53.065,-190.745
199500,2020-10-22,53.0625,-190.7875
199500,2020-10-23,53.075,-190.88
199500,2020-10-24,53.1125,-190.9875
199500,2020-10-25,53.175,-191.14
199500,2020-10-26,53.225,-191.225
199500,2020-10-27,53.35,-191.37
199500,2020-10-28,53.4,-191.45
199500,2020-10-29,53.525,-191.56
199500,2020-10-30,53.55,-191.55
199500,2020-10-31,53.615,-191.48
199500,2020-11-01,53.6375,-191.425
199500,2020-11-02,53.7,-191.32
199500,2020-11-03,53.7375,-191.25
199500,2020-11-04,53.85,-191.15
199500,2020-11-05,53.925,-191.0625
199501,2020-06-09,59.375,-139.65
199501,2020-06-10,59.375,-139.815
199501,2020-06-11,59.3375,-140.0625
199501,2020-06-12,59.225,-140.25
199501,2020-06-13,59.2125,-140.375
199501,2020-06-14,59.2,-140.525
199501,2020-06-15,59.1625,-140.6625
199501,2020-06-16,59.125,-140.87
199501,2020-06-17,59.0875,-141.2375
199501,2020-06-18,59.065,-141.685
199501,2020-06-19,58.98,-142.1
199501,2020-06-20,58.95,-142.5625
199501,2020-06-21,58.935,-143.1
199501,2020-06-22,58.9125,-143.625
199501,2020-06-23,58.9,-144.235
199501,2020-06-24,58.875,-144.71875
199501,2020-06-25,58.8375,-145.3125
199501,2020-06-26,58.73,-145.94
199501,2020-06-27,58.6875,-146.475
199501,2020-06-28,58.65,-147.085
199501,2020-06-29,58.6,-147.575
199501,2020-06-30,58.48,-148.14
199501,2020-07-01,58.375,-148.7375
199501,2020-07-02,58.23,-149.45
199501,2020-07-03,58.125,-149.875
199501,2020-07-04,57.94,-150.375
199501,2020-07-05,57.7375,-151
199501,2020-07-06,57.42,-151.735
199501,2020-07-07,57.12,-152.1
199501,2020-07-08,56.9,-152.525
199501,2020-07-09,56.66,-152.985
199501,2020-07-10,56.5,-153.4625
199501,2020-07-11,56.305,-153.93
199501,2020-07-12,56.0625,-154.375
199501,2020-07-13,55.75,-154.82
199501,2020-07-14,55.65,-155.2875
199501,2020-07-15,55.555,-155.865
199501,2020-07-16,55.3875,-156.2875
199501,2020-07-17,55.275,-156.85
199501,2020-07-18,55.0625,-157.2375
199501,2020-07-19,54.86,-157.725
199501,2020-07-20,54.6875,-158.0125
199501,2020-07-21,54.445,-158.355
199501,2020-07-22,54.35,-158.6125
199501,2020-07-23,54.18,-158.995
199501,2020-07-24,54.175,-159.3
199501,2020-07-25,54.15,-159.7
199501,2020-07-26,54.125,-159.925
199501,2020-07-27,54.1,-160.2
199501,2020-07-28,54.05,-160.4875
199501,2020-07-29,53.955,-160.79
199501,2020-07-30,54.025,-160.975
199501,2020-07-31,54.075,-161.145
199501,2020-08-01,54.0875,-161.3625
199501,2020-08-02,54.1,-161.675
199502,2020-06-08,59.375,-139.65
199502,2020-06-09,59.3625,-139.9125
199502,2020-06-10,59.325,-140.185
199502,2020-06-11,59.3375,-140.275
199502,2020-06-12,59.35,-140.325
199502,2020-06-13,59.3375,-140.45
199502,2020-06-14,59.315,-140.605
199502,2020-06-15,59.2,-140.7375
199502,2020-06-16,59.125,-140.91
199502,2020-06-17,59.125,-141.25
199502,2020-06-18,59.125,-141.68
199502,2020-06-19,59.125,-141.8625
199502,2020-06-20,59.125,-142.09
199502,2020-06-21,59.1125,-142.2375
199502,2020-06-22,59.075,-142.425
199502,2020-06-23,59.0625,-142.525
199502,2020-06-24,59.025,-142.625
199502,2020-06-25,59.025,-142.7375
199502,2020-06-26,59.05,-142.865
199502,2020-06-27,59.05,-142.9875
199502,2020-06-28,59.05,-143.125
199502,2020-06-29,59.05,-143.225
199502,2020-06-30,59.05,-143.315
199502,2020-07-01,59.05,-143.535
199502,2020-07-02,59.1125,-143.7375
199502,2020-07-03,59.125,-143.92
199504,2020-06-08,59.375,-139.6625
199504,2020-06-09,59.3625,-139.8875
199504,2020-06-10,59.325,-140.075
199504,2020-06-11,59.2375,-140.2375
199504,2020-06-12,59.15,-140.51
199504,2020-06-13,59.025,-140.8
199504,2020-06-14,58.875,-141.155
199504,2020-06-15,58.7625,-141.4125
199504,2020-06-16,58.625,-141.645
199504,2020-06-17,58.575,-141.9625
199504,2020-06-18,58.45,-142.26
199504,2020-06-19,58.4125,-142.525
199504,2020-06-20,58.35,-142.78
199504,2020-06-21,58.3,-143.065
199504,2020-06-22,58.1375,-143.2625
199504,2020-06-23,57.955,-143.445
199504,2020-06-24,57.85,-143.8
199504,2020-06-25,57.68,-144.18
199504,2020-06-26,57.6,-144.4875
199504,2020-06-27,57.455,-144.835
199504,2020-06-28,57.4125,-145.0375
199504,2020-06-29,57.375,-145.26
199504,2020-06-30,57.325,-145.4625
199504,2020-07-01,57.205,-145.74
199504,2020-07-02,57.1625,-145.8875
199504,2020-07-03,57.125,-146.05
199504,2020-07-04,57.1125,-146.275
199504,2020-07-05,57.1,-146.57
199504,2020-07-06,57.08,-146.705
199504,2020-07-07,57.075,-146.925
199504,2020-07-08,57.05,-147.255
199504,2020-07-09,57.05,-147.525
199504,2020-07-10,57.03,-147.865
199504,2020-07-11,57.1,-148.2125
199504,2020-07-12,57.175,-148.685
199504,2020-07-13,57.27,-149.17
199504,2020-07-14,57.2125,-149.5
199504,2020-07-15,57.075,-149.86
199504,2020-07-16,57.1375,-150.5125
199504,2020-07-17,57.13,-151.365
199504,2020-07-18,56.8875,-151.6375
199504,2020-07-19,56.525,-151.855
199504,2020-07-20,56.2375,-152.0375
199504,2020-07-21,55.9,-152.225
199504,2020-07-22,55.8125,-152.6
199504,2020-07-23,55.65,-153.045
199504,2020-07-24,55.5625,-153.475
199504,2020-07-25,55.405,-154.01
199504,2020-07-26,55.3875,-154.4125
199504,2020-07-27,55.37,-154.895
199504,2020-07-28,55.35,-155.3
199504,2020-07-29,55.35,-155.805
199504,2020-07-30,55.35,-156.3
199504,2020-07-31,55.365,-156.905
199504,2020-08-01,55.35,-157.61
199504,2020-08-02,55.1875,-158.475
199504,2020-08-03,55.125,-159.275
199504,2020-08-04,55.175,-159.3875
199504,2020-08-05,55.335,-159.705
199504,2020-08-06,55.35,-159.85
199504,2020-08-07,55.315,-159.965
199504,2020-08-08,54.9125,-160.2625
199504,2020-08-09,54.71,-160.375
199504,2020-08-10,54.6625,-160.6375
199504,2020-08-11,54.585,-160.965
199504,2020-08-12,54.6,-161.09
199505,2020-06-09,59.375,-139.65
199505,2020-06-10,59.325,-139.875
199505,2020-06-11,59.175,-140.04
199505,2020-06-12,59.1,-140.3
199505,2020-06-13,58.925,-140.4875
199505,2020-06-14,58.8625,-140.85
199505,2020-06-15,58.765,-141.18
199505,2020-06-16,58.5875,-141.5375
199505,2020-06-17,58.4,-141.91
199505,2020-06-18,58.2875,-142.1
199505,2020-06-19,58.15,-142.39
199505,2020-06-20,58.0125,-142.525
199505,2020-06-21,57.865,-142.725
199505,2020-06-22,57.725,-142.925
199505,2020-06-23,57.60625,-143.10625
199505,2020-06-24,57.5875,-143.45
199505,2020-06-25,57.55,-143.85
199505,2020-06-26,57.6125,-144.025
199505,2020-06-27,57.66,-144.24
199505,2020-06-28,57.7375,-144.3
199505,2020-06-29,57.825,-144.415
199505,2020-06-30,57.825,-144.55
199505,2020-07-01,57.815,-144.68
199505,2020-07-02,57.7625,-144.7875
199505,2020-07-03,57.725,-144.935
199505,2020-07-04,57.7375,-145.0625
199505,2020-07-05,57.75,-145.205
199505,2020-07-06,57.7125,-145.3625
199505,2020-07-07,57.675,-145.53
199505,2020-07-08,57.7,-145.695
199505,2020-07-09,57.6875,-145.8
199505,2020-07-10,57.675,-145.925
199505,2020-07-11,57.5,-145.925
199505,2020-07-12,57.29,-146.08
199505,2020-07-13,57.1375,-146.05
199505,2020-07-14,57.04,-146.075
199505,2020-07-15,57.0125,-145.925
199505,2020-07-16,56.96,-145.775
199505,2020-07-17,56.95,-145.64
199505,2020-07-18,57,-145.6375
199505,2020-07-19,57.05,-145.65625
199505,2020-07-20,57.0875,-145.625
199505,2020-07-21,57.115,-145.61
199505,2020-07-22,57.125,-145.6375
199505,2020-07-23,57.165,-145.6
199506,2020-06-07,59.375,-139.6625
199506,2020-06-08,59.35,-139.865
199506,2020-06-09,59.2125,-140.075
199506,2020-06-10,59.055,-140.32
199506,2020-06-11,58.975,-140.45
199506,2020-06-12,58.90625,-140.575
199506,2020-06-13,58.8875,-140.7875
199506,2020-06-14,58.85,-140.985
199506,2020-06-15,58.775,-141.1625
199506,2020-06-16,58.65,-141.33125
199506,2020-06-17,58.45,-141.65
199506,2020-06-18,58.275,-141.975
199506,2020-06-19,58.1125,-142.375
199506,2020-06-20,57.93,-142.78
199506,2020-06-21,57.7875,-143.1625
199506,2020-06-22,57.605,-143.53
199506,2020-06-23,57.55,-143.9
199506,2020-06-24,57.45,-144.285
199506,2020-06-25,57.425,-144.575
199506,2020-06-26,57.405,-144.89
199506,2020-06-27,57.4,-145.1625
199506,2020-06-28,57.415,-145.425
199506,2020-06-29,57.3625,-145.7375
199506,2020-06-30,57.3,-146.095
199506,2020-07-01,57.225,-146.4125
199506,2020-07-02,57.15,-146.73
199506,2020-07-03,57.1125,-147.05
199506,2020-07-04,57.005,-147.49
199506,2020-07-05,56.9125,-147.9125
199506,2020-07-06,56.83,-148.47
199506,2020-07-07,56.725,-148.7625
199506,2020-07-08,56.605,-149.245
199506,2020-07-09,56.5625,-149.425
199506,2020-07-10,56.45,-149.65
199506,2020-07-11,56.425,-149.725
199506,2020-07-12,56.4,-149.775
199506,2020-07-13,56.375,-149.8125
199506,2020-07-14,56.375,-149.85
199506,2020-07-15,56.3875,-150
199506,2020-07-16,56.42,-150.145
199506,2020-07-17,56.425,-150.4375
199506,2020-07-18,56.41,-150.875
199506,2020-07-19,56.335,-151.25
199506,2020-07-20,56.275,-151.5625
199506,2020-07-21,56.18,-151.95
199506,2020-07-22,56.15,-152.43
199506,2020-07-23,56.1125,-152.7875
199506,2020-07-24,56.075,-153.305
199506,2020-07-25,55.9625,-153.625
199506,2020-07-26,55.875,-154.02
199506,2020-07-27,55.825,-154.45
199506,2020-07-28,55.68,-155.09
199506,2020-07-29,55.6,-155.6125
199506,2020-07-30,55.415,-156.335
199506,2020-07-31,55.35,-156.6375
199506,2020-08-01,55.185,-156.935
199506,2020-08-02,55.0625,-157.2
199506,2020-08-03,54.86,-157.63
199506,2020-08-04,54.675,-158.0125
199506,2020-08-05,54.445,-158.545
199506,2020-08-06,54.325,-158.775
199506,2020-08-07,54.135,-159.08
199506,2020-08-08,54.0125,-159.35
199508,2020-06-08,59.375,-139.81
199508,2020-06-09,59.375,-140.075
199508,2020-06-10,59.375,-140.455
199508,2020-06-11,59.4,-140.665
199508,2020-06-12,59.4,-140.59
199508,2020-06-13,59.4,-140.725
199508,2020-06-14,59.425,-140.87
199508,2020-06-15,59.4,-141.125
199508,2020-06-16,59.4,-141.45
199508,2020-06-17,59.3125,-141.85
199508,2020-06-18,59.175,-142.155
199508,2020-06-19,59.0875,-142.6125
199508,2020-06-20,58.955,-142.95
199508,2020-06-21,58.8625,-143.3375
199508,2020-06-22,58.68,-143.81
199508,2020-06-23,58.5625,-144.0125
199508,2020-06-24,58.42,-144.19
199508,2020-06-25,58.2125,-144.8
199508,2020-06-26,57.935,-145.4
199508,2020-06-27,57.7375,-146.2875
199508,2020-06-28,57.495,-147.2
199508,2020-06-29,57.3375,-147.55
199508,2020-06-30,57.135,-148.015
199508,2020-07-01,56.9875,-148.5125
199508,2020-07-02,56.785,-149.235
199508,2020-07-03,56.625,-149.5625
199508,2020-07-04,56.425,-150.215
199508,2020-07-05,56.35,-150.615
199508,2020-07-06,56.195,-150.965
199508,2020-07-07,56.125,-151.2875
199508,2020-07-08,56.065,-151.805
199508,2020-07-09,55.9,-152.4375
199508,2020-07-10,55.84,-153.165
199508,2020-07-11,55.725,-153.625
199508,2020-07-12,55.615,-154.19
199508,2020-07-13,55.3375,-154.5
199508,2020-07-14,54.9,-154.76
199508,2020-07-15,54.7375,-154.9375
199508,2020-07-16,54.58,-155.245
199508,2020-07-17,54.425,-155.5125
199508,2020-07-18,54.25,-155.855
199508,2020-07-19,54.15,-156.125
199508,2020-07-20,53.965,-156.5
199508,2020-07-21,53.8625,-156.8125
199508,2020-07-22,53.685,-157.23
199508,2020-07-23,53.575,-157.5125
199508,2020-07-24,53.405,-157.955
199508,2020-07-25,53.3,-158.2375
199508,2020-07-26,53.155,-158.605
199508,2020-07-27,53.1,-158.85
199508,2020-07-28,52.955,-159.165
199508,2020-07-29,52.925,-159.3875
199508,2020-07-30,52.9,-159.67
199508,2020-07-31,52.9,-159.8875
199508,2020-08-01,52.875,-160.215
199508,2020-08-02,52.9125,-160.1625
199508,2020-08-03,52.945,-160.185
199508,2020-08-04,52.95,-160.15
199508,2020-08-05,52.925,-160.265
199508,2020-08-06,52.9875,-160.1375
199508,2020-08-07,53.145,-159.95
199508,2020-08-08,53.2625,-159.7625
199508,2020-08-09,53.43,-159.37
199508,2020-08-10,53.4625,-159.175
199508,2020-08-11,53.54,-158.925
199508,2020-08-12,53.545,-158.825
